{"cameraMode":{"drawMode":0,"name":"Shaded","section":"Shading Mode"},"sceneLighting":true,"audioPlay":false,"sceneViewState":{"m_AlwaysRefresh":false,"showFog":true,"showSkybox":true,"showFlares":true,"showImageEffects":true,"showParticleSystems":true,"showVisualEffectGraphs":true,"m_FxEnabled":true},"in2DMode":false,"pivot":{"x":-2.5918080806732179,"y":2.0622453689575197,"z":23.642038345336915},"rotation":{"x":-0.10641457140445709,"y":0.8823328614234924,"z":-0.24049173295497895,"w":-0.39043447375297549},"size":0.5328269004821777,"orthographic":false}